{
  "controller/Worklist-dbg.controller.js": 1653057154448,
  "controller/App.controller.js": 1653057154440,
  "utils/locate-reuse-libs.js": 1653057154440,
  "model/models.js": 1653057154440,
  "model/formatter.js": 1653057154448,
  "controller/Worklist.controller.js": 1653057154448,
  "controller/Object.controller.js": 1653057154444,
  "controller/NotFound.controller.js": 1653057154444,
  "controller/ErrorHandler.js": 1653057154444,
  "controller/BaseController.js": 1653057154440,
  "manifest.json": 1653058058792,
  "Component.js": 1653057154428,
  "manifest-bundle.zip": 1653058058811,
  "Component-preload.js": 1653058059221,
  "controller/Object-dbg.controller.js": 1653057154444,
  "model/models-dbg.js": 1653057154440,
  "model/formatter-dbg.js": 1653057154448,
  "i18n/i18n.properties": 1653057154436,
  "utils/locate-reuse-libs-dbg.js": 1653057154440,
  "controller/NotFound-dbg.controller.js": 1653057154444,
  "controller/ErrorHandler-dbg.js": 1653057154444,
  "controller/BaseController-dbg.js": 1653057154440,
  "controller/App-dbg.controller.js": 1653057154440,
  "Component-dbg.js": 1653057154428,
  "view/Worklist.view.xml": 1653057154460,
  "view/ObjectNotFound.view.xml": 1653057154456,
  "view/Object.view.xml": 1653057154456,
  "view/NotFound.view.xml": 1653057154456,
  "view/App.view.xml": 1653057154452,
  "index.html": 1653057154428
}