{
  "index.html": 1653327107415,
  "controller/App.controller.js": 1653327107451,
  "utils/locate-reuse-libs.js": 1653327107419,
  "model/models.js": 1653327107423,
  "controller/View1.controller.js": 1653327107455,
  "manifest.json": 1653383611696,
  "Component.js": 1653328601245,
  "manifest-bundle.zip": 1653383611714,
  "Component-preload.js": 1653383612157,
  "model/models-dbg.js": 1653327107423,
  "utils/locate-reuse-libs-dbg.js": 1653327107419,
  "controller/View1-dbg.controller.js": 1653327107455,
  "controller/App-dbg.controller.js": 1653327107451,
  "Component-dbg.js": 1653328601245,
  "view/View1.view.xml": 1653327107451,
  "view/App.view.xml": 1653327107451,
  "css/style.css": 1653327107451,
  "i18n/i18n.properties": 1653327208327
}